customer_id,first_name,last_name,email,age,status,signup_date,phone,country
CUST000001,James,Williams,,30,inactive,2024-10-25,+1-206-877-3615,AU
CUST000002,Michael,Hernandez,michael.hernandez100@hotmail.com,34,pending,2024-04-02,+1-500-949-6925,CA
CUST000003,Linda,Martinez,linda.martinez888@yahoo.com,58,inactive,2024-11-17,+1-899-763-2169,GB
CUST000004,Linda,Garcia,linda.garcia948@outlook.com,61,active,2026-03-13,+1-610-374-2084,AU
CUST000005,Sarah,Gonzalez,sarah.gonzalez147@hotmail.com,53,inactive,2024-02-20,+1-341-621-9085,US
CUST000006,Robert,Garcia,robert.garcia611@hotmail.com,47,active,2025-09-25,+1-749-868-5371,AU
CUST000007,Jessica,Garcia,jessica.garcia996@outlook.com,24,pending,2025-04-05,+1-980-265-9837,US
CUST000008,Sarah,Smith,sarah.smith900@outlook.com,33,active,2023-08-26,+1-978-645-3060,IN
CUST000009,Jennifer,Rodriguez,jennifer.rodriguez434@company.com,66,inactive,2024-04-13,+1-729-562-2982,CA
CUST000010,Charles,Moore,charles.moore8@yahoo.com,32,inactive,2025-01-15,+1-697-319-9834,IN
CUST000011,Sarah,Wilson,sarah.wilson675@gmail.com,47,pending,2025-10-28,+1-945-447-2790,DE
CUST000012,Robert,Wilson,robert.wilson256@hotmail.com,69,active,2026-04-17,+1-971-969-4872,IN
CUST000013,Fatima,Gonzalez,,42,inactive,2023-08-25,+1-503-322-1958,US
CUST000014,Mary,Johnson,mary.johnson942@company.com,50,pending,2025-01-21,+1-783-352-1651,SG
CUST000015,Charles,Taylor,charles.taylor210@outlook.com,34,inactive,2026-06-07,+1-776-202-2200,FR
CUST000016,Susan,Williams,susan.williams292@outlook.com,63,pending,2024-09-11,+1-306-999-3200,CA
CUST000017,Robert,Rodriguez,robert.rodriguez735@yahoo.com,72,active,2024-01-01,+1-245-103-6464,FR
CUST000018,Joseph,Moore,joseph.moore10@company.com,62,inactive,2025-07-18,+1-242-415-6974,US
CUST000019,Michael,Davis,michael.davis799@outlook.com,57,active,2025-05-20,+1-225-283-6442,SG
CUST000020,Fatima,Davis,fatima.davis392@gmail.com,32,inactive,2025-02-05,+1-875-297-7528,CA
CUST000021,William,Lopez,william.lopez696@hotmail.com,19,active,2024-11-20,+1-810-544-6663,AU
CUST000022,Thomas,Brown,thomas.brown195@company.com,18,pending,2025-04-09,+1-271-780-6409,CA
CUST000023,Barbara,Taylor,barbara.taylor335@hotmail.com,26,inactive,2025-05-26,+1-508-515-9977,FR
CUST000024,Jessica,Jackson,jessica.jackson477@outlook.com,50,pending,2025-11-25,+1-879-748-6491,DE
CUST000025,Linda,Miller,linda.miller251@gmail.com,67,pending,2024-03-22,+1-449-251-1090,CA
CUST000026,Linda,Garcia,linda.garcia476@company.com,72,inactive,2024-08-06,+1-653-727-9270,IN
CUST000027,Mei,Thomas,mei.thomas861@yahoo.com,51,inactive,2024-10-09,+1-543-427-9849,GB
CUST000028,Wei,Jones,wei.jones425@gmail.com,44,inactive,2026-04-07,+1-983-689-7232,AU
CUST000029,Richard,Wilson,richard.wilson820@company.com,32,inactive,2024-02-09,,SG
CUST000030,Arjun,Smith,arjun.smith139@hotmail.com,34,inactive,2024-04-01,+1-631-358-2341,US
CUST000031,Susan,Davis,,33,active,2023-09-21,+1-777-323-8619,AU
CUST000032,Lisa,Brown,lisa.brown988@yahoo.com,37,inactive,2025-04-06,+1-907-950-4978,FR
CUST000033,Lisa,Brown,,52,pending,2026-04-22,+1-701-208-8102,IN
CUST000034,Jessica,Garcia,jessica.garcia631@outlook.com,48,pending,2024-12-31,+1-288-385-8385,IN
CUST000035,Arjun,Gonzalez,arjun.gonzalez872@hotmail.com,40,pending,2024-10-29,+1-729-295-2402,SG
CUST000036,Carlos,Davis,carlos.davis459@hotmail.com,32,pending,2023-09-21,+1-552-535-6419,IN
CUST000037,William,Davis,william.davis324@yahoo.com,66,pending,2023-06-08,+1-302-952-4180,AU
CUST000038,James,Moore,james.moore998@gmail.com,26,active,2024-10-12,+1-651-448-4020,FR
CUST000039,Sarah,Brown,sarah.brown504@hotmail.com,21,inactive,2024-12-25,+1-982-526-4697,SG
CUST000040,Joseph,Martinez,joseph.martinez313@hotmail.com,65,pending,2025-12-02,+1-377-665-2229,SG
CUST000041,Lisa,Thomas,lisa.thomas296@yahoo.com,47,inactive,2025-04-07,+1-757-330-3441,GB
CUST000042,Jennifer,Martinez,jennifer.martinez944@company.com,62,inactive,2023-08-10,+1-812-140-8078,FR
CUST000043,Linda,Jackson,linda.jackson784@gmail.com,20,pending,2024-10-25,+1-799-546-9056,IN
CUST000044,David,Hernandez,david.hernandez338@yahoo.com,60,pending,2025-11-18,+1-531-218-7622,US
CUST000045,Karen,Anderson,karen.anderson531@yahoo.com,58,inactive,2024-10-05,,DE
CUST000046,,Moore,user.moore96@hotmail.com,25,active,2024-09-27,+1-479-525-8905,DE
CUST000047,Robert,Gonzalez,robert.gonzalez521@company.com,22,inactive,2023-07-13,+1-202-389-5891,IN
CUST000048,Joseph,Moore,joseph.moore566@outlook.com,38,active,2025-01-24,+1-620-144-6213,SG
CUST000049,Arjun,Jones,arjun.jones130@gmail.com,73,active,2023-10-25,,FR
CUST000050,Wei,Gonzalez,wei.gonzalez873@outlook.com,38,inactive,2026-03-05,+1-440-746-5708,CA
CUST000051,Patricia,Brown,,38,inactive,2025-01-02,+1-779-798-3950,CA
CUST000052,Richard,Martin,richard.martin935@hotmail.com,58,active,2023-10-08,,AU
CUST000053,Barbara,Wilson,barbara.wilson866@hotmail.com,72,pending,2024-09-19,+1-502-122-7484,US
CUST000054,Mei,Thomas,mei.thomas795@outlook.com,40,inactive,2025-08-10,+1-842-761-1645,IN
CUST000055,Susan,Jones,susan.jones335@outlook.com,26,inactive,2024-11-05,+1-463-944-8894,FR
CUST000056,David,Brown,david.brown145@gmail.com,61,pending,2024-02-29,+1-749-226-8451,FR
CUST000057,Ahmed,Lopez,,74,pending,2026-01-08,+1-675-817-5951,CA
CUST000058,Mary,Martinez,mary.martinez100@gmail.com,42,pending,2024-01-10,+1-944-258-7797,IN
CUST000059,William,Johnson,william.johnson455@yahoo.com,41,pending,2024-05-13,+1-482-294-3001,IN
CUST000060,Michael,Martin,michael.martin806@gmail.com,68,pending,2025-03-01,+1-438-436-3417,US
CUST000061,Robert,Jones,@yahoo.com,68,active,2026-01-30,+1-631-638-2862,IN
CUST000062,Susan,Taylor,susan.taylor516@hotmail.com,64,pending,2026-03-15,+1-690-967-7580,CA
CUST000063,Joseph,Williams,joseph.williams623@outlook.com,57,inactive,2023-05-27,+1-717-719-8048,CA
CUST000064,Priya,Moore,priya.moore441@yahoo.com,39,pending,2023-12-25,+1-461-483-3500,IN
CUST000065,Ahmed,Williams,ahmed.williams763@gmail.com,53,pending,2025-09-09,+1-881-868-7929,US
CUST000066,Lisa,Martinez,lisa.martinez520@company.com,32,pending,2024-10-24,+1-639-965-1430,FR
CUST000067,William,Martinez,william.martinez7@outlook.com,60,pending,2025-11-11,+1-420-485-7878,GB
CUST000068,Mei,Hernandez,mei.hernandez611@company.com,28,active,2023-12-31,+1-652-524-5475,CA
CUST000069,Patricia,Martinez,patricia.martinez499@company.com,32,active,2025-03-11,+1-982-361-5742,US
CUST000070,Jessica,Garcia,jessica.garcia721@company.com,60,pending,2026-04-09,+1-279-982-6129,SG
CUST000071,Jessica,Martinez,jessica.martinez990@gmail.com,57,inactive,2025-10-13,,FR
CUST000072,Linda,Hernandez,linda.hernandez523@gmail.com,30,pending,2025-07-19,+1-349-362-4232,GB
CUST000073,Priya,Williams,priya.williams476@hotmail.com,46,pending,2024-07-25,+1-842-423-3473,IN
CUST000074,Barbara,Rodriguez,barbara.rodriguez520@outlook.com,20,active,2025-11-14,+1-719-493-8581,US
CUST000075,Sofia,Jackson,sofia.jackson620@outlook.com,21,inactive,2025-11-26,+1-376-140-5059,IN
CUST000076,Lisa,Garcia,lisa.garcia397@outlook.com,56,inactive,2025-11-05,+1-595-390-5128,GB
CUST000077,Charles,Jones,charles.jones991@outlook.com,26,inactive,2024-07-14,+1-886-819-9624,SG
CUST000078,James,Lopez,james.lopez350@yahoo.com,32,inactive,2025-10-22,,AU
CUST000079,Lisa,Jones,lisa.jones167@yahoo.com,57,inactive,2024-05-01,+1-443-554-5668,IN
CUST000080,Linda,Martinez,linda.martinez926@hotmail.com,54,inactive,2023-07-23,+1-365-936-4271,GB
CUST000081,Mary,Thomas,mary.thomas957@company.com,72,active,2023-07-01,+1-647-193-4637,AU
CUST000082,Jessica,Johnson,jessica.johnson242@outlook.com,32,pending,2025-07-22,+1-493-949-8740,GB
CUST000083,Sarah,Anderson,sarah.anderson20@gmail.com,53,inactive,2024-10-04,+1-324-148-4906,IN
CUST000084,Ahmed,Thomas,ahmed.thomas648@gmail.com,166,active,2025-04-29,,US
CUST000085,Sarah,Johnson,sarah.johnson260@outlook.com,22,pending,2024-07-06,+1-560-659-6546,GB
CUST000086,Arjun,Anderson,arjun.anderson647@hotmail.com,63,inactive,2025-04-04,+1-523-417-9444,IN
CUST000087,Carlos,Miller,carlos.miller887@gmail.com,69,pending,2024-03-17,+1-391-608-9151,FR
CUST000088,Mei,Wilson,mei.wilson843@company.com,24,inactive,2023-12-27,,AU
CUST000089,Jessica,Rodriguez,jessica.rodriguez77@gmail.com,50,active,2023-12-02,+1-268-341-7001,US
CUST000090,Arjun,Anderson,arjun.anderson455@outlook.com,51,inactive,2025-09-27,+1-390-611-9482,CA
CUST000091,William,Anderson,william.anderson293@company.com,30,inactive,2023-11-18,+1-898-965-6236,CA
CUST000092,Barbara,Martinez,barbara.martinez813@yahoo.com,30,inactive,2024-04-22,,SG
CUST000093,Mei,Thomas,mei.thomas844@hotmail.com,38,pending,2025-08-28,+1-998-664-3981,GB
CUST000094,Fatima,Johnson,fatima.johnson157@company.com,63,pending,2025-12-07,+1-850-664-5496,FR
CUST000095,John,Taylor,john.taylor965@company.com,57,pending,2026-03-20,+1-856-889-5336,SG
CUST000096,James,Thomas,james.thomas297@company.com,33,inactive,2026-01-15,+1-625-595-8609,GB
CUST000097,Wei,Hernandez,wei.hernandez999@outlook.com,50,inactive,2023-11-09,+1-299-151-5754,SG
CUST000098,Fatima,Garcia,fatima.garcia739@company.com,49,inactive,2025-11-14,+1-717-568-4944,AU
CUST000099,Barbara,Thomas,barbara.thomas293@hotmail.com,45,inactive,2024-04-28,+1-252-683-4189,FR
CUST000100,Thomas,Anderson,thomas.anderson846@outlook.com,25,inactive,2024-06-22,+1-574-873-3363,SG
CUST000101,Mary,Johnson,mary.johnson824@outlook.com,56,pending,2024-03-04,+1-957-962-5902,IN
CUST000102,Barbara,Thomas,barbara.thomas340@outlook.com,55,pending,2023-09-19,+1-871-901-4728,IN
CUST000103,Priya,Martin,priya.martin152@hotmail.com,54,active,2024-01-11,+1-907-308-7723,IN
CUST000104,Mei,Johnson,mei.johnson213@company.com,48,active,2023-05-22,+1-562-792-5331,DE
CUST000105,William,Moore,william.moore790@outlook.com,63,pending,2024-11-03,+1-787-792-9899,SG
CUST000106,Carlos,Jones,carlos.jones979@outlook.com,46,active,2024-11-08,+1-912-378-3249,DE
CUST000107,Arjun,Taylor,arjun.taylor54@yahoo.com,48,active,2025-06-28,+1-687-588-4267,FR
CUST000108,Priya,Johnson,priya.johnson668@gmail.com,64,active,2025-05-22,+1-237-956-7504,GB
CUST000109,Fatima,Martinez,fatima.martinez306@gmail.com,39,pending,2025-08-16,+1-679-379-4159,AU
CUST000110,Joseph,Rodriguez,joseph.rodriguez755@gmail.com,61,pending,2023-12-24,+1-288-510-2562,GB
CUST000111,Linda,Smith,linda.smith458@yahoo.com,37,inactive,2025-01-19,+1-321-576-6026,FR
CUST000112,Priya,Martinez,priya.martinez225@yahoo.com,47,inactive,2023-09-26,+1-880-945-4578,CA
CUST000113,Thomas,Lopez,thomas.lopez115@company.com,50,active,2023-06-17,+1-896-310-9008,IN
CUST000114,Joseph,Jones,joseph.jones578@hotmail.com,69,inactive,2025-02-25,+1-246-533-6644,US
CUST000115,John,Thomas,john.thomas185@hotmail.com,64,inactive,2024-04-04,+1-899-777-9835,AU
CUST000116,Karen,Gonzalez,,19,pending,2023-05-24,+1-435-353-8546,FR
CUST000117,Mei,Brown,mei.brown630@hotmail.com,19,pending,2026-02-07,+1-245-511-8191,DE
CUST000118,Carlos,Johnson,carlos.johnson240@outlook.com,38,inactive,2025-07-28,+1-733-326-7775,US
CUST000119,Charles,Garcia,charles.garcia570@hotmail.com,59,inactive,2024-02-01,+1-585-288-9813,DE
CUST000120,Wei,Jones,wei.jones576@gmail.com,51,active,2025-12-07,+1-579-194-9775,DE
CUST000121,Richard,Martin,richard.martin193@gmail.com,60,inactive,2026-04-16,+1-394-859-2922,IN
CUST000122,Wei,Martin,wei.martin938@hotmail.com,36,inactive,2024-05-11,+1-709-577-2615,IN
CUST000123,David,Miller,david.miller47@hotmail.com,-2,pending,2024-01-13,+1-400-437-4768,DE
CUST000124,Priya,Hernandez,priya.hernandez990@hotmail.com,47,active,2023-08-21,+1-755-757-1962,CA
CUST000125,Arjun,Johnson,arjun.johnson141@hotmail.com,63,inactive,2023-09-01,+1-216-106-9719,US
CUST000126,Mei,Rodriguez,mei.rodriguez18@outlook.com,45,active,2023-06-09,+1-396-734-9625,AU
CUST000127,Richard,Williams,richard.williams471@hotmail.com,32,active,2026-03-14,,US
CUST000128,John,Thomas,john.thomas580@outlook.com,75,active,2023-09-17,+1-276-800-5593,US
CUST000129,,Hernandez,user.hernandez602@yahoo.com,70,active,2024-03-12,+1-753-439-7288,GB
CUST000130,Wei,Williams,wei.williams55@outlook.com,22,pending,2024-07-18,+1-479-902-8381,AU
CUST000131,Richard,Wilson,richard.wilson677@company.com,36,active,2024-03-30,+1-849-257-7383,CA
CUST000132,Barbara,Anderson,barbara.anderson105@outlook.com,46,active,2024-05-23,+1-811-712-6315,US
CUST000133,Richard,Williams,richard.williams927@company.com,51,active,2024-11-14,+1-264-271-8121,FR
CUST000134,John,Lopez,john.lopez739@yahoo.com,30,active,2024-07-06,+1-589-923-6399,SG
CUST000135,Fatima,Martin,fatima.martin618@outlook.com,38,inactive,2023-08-16,+1-448-433-7161,SG
CUST000136,Charles,Miller,charles.miller185@company.com,64,inactive,2025-12-27,+1-618-789-9180,FR
CUST000137,Arjun,Jones,arjun.jones76@hotmail.com,55,pending,2026-03-03,+1-568-818-9796,CA
CUST000138,Linda,Lopez,linda.lopez46@company.com,59,inactive,2025-10-28,+1-722-864-9499,DE
CUST000139,Richard,Anderson,richard.anderson708@company.com,19,active,2025-07-31,+1-551-566-4389,AU
CUST000140,Joseph,Anderson,joseph.anderson46@outlook.com,72,active,2025-01-03,+1-765-263-6422,IN
CUST000141,Richard,Garcia,,57,inactive,2025-03-04,+1-970-820-2025,GB
CUST000142,Michael,Anderson,michael.anderson541@hotmail.com,42,inactive,2023-10-23,+1-889-822-5873,CA
CUST000143,David,Brown,david.brown188@gmail.com,42,inactive,2023-08-25,+1-910-760-3838,IN
CUST000144,Jennifer,Hernandez,jennifer.hernandez55@company.com,49,pending,2023-08-08,+1-703-525-8272,CA
CUST000145,Sofia,Davis,sofia.davis231@outlook.com,47,inactive,2025-09-28,+1-474-893-9898,AU
CUST000146,Carlos,Johnson,carlos.johnson560@hotmail.com,65,inactive,2026-03-12,+1-556-982-2425,CA
CUST000147,Linda,Miller,linda.miller706@company.com,58,active,2026-01-16,+1-745-387-9827,FR
CUST000148,William,Taylor,william.taylor139@gmail.com,21,active,2025-08-19,+1-928-429-5055,SG
CUST000149,Charles,Rodriguez,charles.rodriguez463@hotmail.com,67,inactive,2024-04-22,+1-699-435-1040,CA
CUST000150,Joseph,Lopez,joseph.lopez408@company.com,31,inactive,2025-08-23,+1-696-907-6631,US
CUST000151,,Anderson,user.anderson452@yahoo.com,45,active,2024-09-06,+1-480-195-6905,AU
CUST000152,Priya,Garcia,priya.garcia744@outlook.com,59,active,2025-08-19,,AU
CUST000153,Fatima,Wilson,fatima.wilson73@hotmail.com,69,inactive,2025-08-18,+1-893-246-2120,US
CUST000154,Jennifer,Anderson,jennifer.anderson644@yahoo.com,57,active,2025-08-04,+1-803-847-7291,SG
CUST000155,Robert,Davis,robert.davis255@gmail.com,56,active,2024-09-07,+1-821-621-4090,FR
CUST000156,Sofia,Davis,sofia.davis247@gmail.com,51,inactive,2025-08-20,+1-782-530-6986,GB
CUST000157,,Williams,user..williams@gmail.com,50,inactive,2024-02-14,+1-749-650-3501,FR
CUST000158,Michael,Jones,michael.jones601@hotmail.com,61,inactive,2025-01-14,+1-288-544-2900,US
CUST000159,Mei,Garcia,,49,pending,2024-04-16,+1-999-994-5403,CA
CUST000160,James,Hernandez,james.hernandez537@outlook.com,54,pending,2023-07-29,+1-370-476-3577,CA
CUST000161,Arjun,Brown,,-10,inactive,2025-07-14,+1-236-666-7870,DE
CUST000162,Mei,Hernandez,mei.hernandez586@gmail.com,75,pending,2024-02-16,+1-676-986-5625,FR
CUST000163,,Anderson,user.anderson299@yahoo.com,57,inactive,2025-04-12,+1-759-878-5016,SG
CUST000164,Karen,Lopez,karen.lopez974@gmail.com,42,active,2025-01-15,+1-261-245-5584,DE
CUST000165,Thomas,Wilson,thomas.wilson470@outlook.com,24,inactive,2026-01-10,+1-333-342-5778,AU
CUST000166,Richard,Hernandez,richard.hernandez240@outlook.com,67,active,2023-10-06,+1-323-648-6870,DE
CUST000167,Joseph,Rodriguez,joseph.rodriguez162@gmail.com,63,inactive,2024-12-25,+1-605-625-1802,FR
CUST000168,Jennifer,Smith,jennifer.smith570@hotmail.com,47,Inactive,2025-08-23,+1-610-481-2376,FR
CUST000169,John,Smith,john.smith925@yahoo.com,23,inactive,2023-10-16,+1-787-543-7471,SG
CUST000170,Jennifer,Lopez,jennifer.lopez282@yahoo.com,20,pending,2024-01-25,+1-690-162-2437,GB
CUST000171,Priya,Taylor,,42,pending,2024-06-12,+1-714-429-7363,US
CUST000172,Linda,Smith,linda.smith60@outlook.com,40,active,2025-01-09,+1-954-157-4594,SG
CUST000173,Ahmed,Garcia,ahmed.garcia326@company.com,55,pending,2025-04-27,+1-704-655-6063,US
CUST000174,Linda,Martin,,57,pending,2024-07-24,+1-351-700-3320,AU
CUST000175,Susan,Gonzalez,susan.gonzalez310@outlook.com,64,inactive,2025-05-26,+1-775-810-6846,GB
CUST000176,Mei,Martinez,mei.martinez972@gmail.com,72,active,2024-08-04,+1-826-326-2705,GB
CUST000177,John,Davis,john.davis172@outlook.com,70,inactive,2024-11-20,+1-909-169-6742,CA
CUST000178,Mary,Gonzalez,mary.gonzalez993@hotmail.com,74,active,2025-02-10,+1-275-918-1547,AU
CUST000179,Patricia,Williams,patricia.williams165@hotmail.com,75,pending,2026-03-15,+1-869-268-8113,CA
CUST000180,Michael,Wilson,michael.wilson272@company.com,24,inactive,2026-05-21,+1-501-943-8869,US
CUST000181,Priya,Martinez,priya.martinez865@hotmail.com,48,active,2024-03-15,+1-590-478-4056,FR
CUST000182,William,Davis,william.davis64@company.com,24,pending,2025-02-06,+1-596-938-9561,IN
CUST000183,Linda,Thomas,linda@,25,active,2025-04-18,+1-633-180-8133,GB
CUST000184,William,Hernandez,william.hernandez90@gmail.com,38,active,2023-06-12,+1-315-524-3451,CA
CUST000185,Charles,Brown,charles.brown902@company.com,42,inactive,2024-10-30,,AU
CUST000186,Mary,Thomas,mary.thomas21@outlook.com,37,pending,2025-02-05,+1-961-553-6257,SG
CUST000187,John,Miller,john.miller759@hotmail.com,41,active,2023-07-15,+1-999-971-9589,US
CUST000188,Ahmed,Miller,ahmed.miller34@yahoo.com,63,inactive,2025-09-06,+1-447-481-9008,GB
CUST000189,Sarah,Jackson,sarah.jackson168@outlook.com,71,inactive,2025-03-05,+1-862-330-4387,SG
CUST000190,Fatima,Smith,fatima.smith663@yahoo.com,32,inactive,2024-10-31,+1-585-972-6713,DE
CUST000191,Arjun,Taylor,arjun.taylor599@hotmail.com,60,pending,2024-10-16,+1-310-593-2045,FR
CUST000192,Fatima,Rodriguez,fatima.rodriguez193@outlook.com,75,pending,2024-08-01,+1-938-126-9148,FR
CUST000193,Richard,Gonzalez,richard.gonzalez726@company.com,39,pending,2023-09-16,+1-887-467-9311,GB
CUST000194,Karen,Garcia,karen.garcia132@hotmail.com,53,pending,2025-11-16,+1-428-862-6031,AU
CUST000195,Charles,Martinez,charles.martinez482@gmail.com,55,active,2024-03-27,+1-623-155-3470,DE
CUST000196,Charles,Anderson,charles.anderson798@yahoo.com,29,inactive,2025-06-06,+1-362-601-2442,SG
CUST000197,Richard,Wilson,,30,inactive,2023-05-26,+1-892-104-5076,AU
CUST000198,Patricia,Gonzalez,patricia.gonzalez172@outlook.com,36,pending,2025-08-16,+1-701-467-4087,SG
CUST000199,Linda,Jones,linda.jones604@gmail.com,63,pending,2026-02-07,+1-249-777-2771,US
CUST000200,Patricia,Wilson,patricia.wilson561@gmail.com,31,inactive,2025-10-23,+1-476-737-3247,CA
CUST000201,Lisa,Brown,lisa.brown510@gmail.com,34,inactive,2024-09-20,+1-761-608-4402,IN
CUST000202,James,Smith,james.smith856@gmail.com,23,pending,2024-12-09,+1-667-403-5327,CA
CUST000203,Fatima,Johnson,fatima.johnson821@outlook.com,25,Inactive,2025-06-02,+1-648-736-5395,CA
CUST000204,David,Garcia,david.garcia986@hotmail.com,62,pending,2025-06-10,+1-912-843-1960,GB
CUST000205,Charles,Thomas,charles.thomas186@hotmail.com,57,pending,2025-08-23,+1-699-215-7738,CA
CUST000206,David,Smith,david.smith786@company.com,32,inactive,2025-11-03,+1-944-354-8895,SG
CUST000207,Ahmed,Moore,,28,inactive,2025-12-15,+1-528-346-6421,US
CUST000208,Karen,Gonzalez,karen.gonzalez81@yahoo.com,46,inactive,2023-08-03,+1-218-205-7609,US
CUST000209,Sofia,Martin,sofia.martin912@outlook.com,60,active,2023-10-30,+1-985-734-8751,AU
CUST000210,Patricia,Brown,patricia.brown3@yahoo.com,69,pending,2025-06-15,+1-934-860-7704,DE
CUST000211,Fatima,Gonzalez,fatima.gonzalez734@yahoo.com,20,pending,2023-11-07,+1-803-616-3205,US
CUST000212,Mary,Moore,mary.moore495@company.com,29,active,2024-07-27,+1-593-528-5067,AU
CUST000213,Joseph,Jones,joseph.jones717@company.com,71,pending,2025-02-26,+1-839-831-5760,GB
CUST000214,Priya,Garcia,priya.garcia728@outlook.com,48,pending,2023-05-20,+1-632-927-1209,US
CUST000215,Mary,Johnson,mary.johnson294@yahoo.com,21,pending,2023-11-03,+1-891-857-4675,SG
CUST000216,Sofia,Martinez,sofia.martinez949@gmail.com,68,pending,2024-12-19,+1-999-981-8259,AU
CUST000217,Karen,Martin,karen.martin302@yahoo.com,22,pending,2026-02-23,+1-769-370-3131,FR
,Joseph,Jones,joseph.jones612@outlook.com,57,pending,2025-12-19,+1-525-638-4603,CA
CUST000219,Jennifer,Wilson,jennifer.wilson95@hotmail.com,60,active,2023-05-27,+1-774-943-1144,AU
CUST000220,Priya,Martin,,74,active,2024-10-15,+1-729-941-7143,IN
CUST000221,Barbara,Miller,barbara.miller971@gmail.com,129,active,2025-03-07,+1-634-955-2702,SG
CUST000222,,Jones,user.jones39@outlook.com,68,active,2024-02-03,+1-845-514-8094,SG
CUST000223,Karen,Smith,karen.smith65@company.com,62,pending,2024-09-07,+1-488-883-8170,US
CUST000224,Karen,Davis,karen.davis816@hotmail.com,58,pending,2026-04-25,,SG
CUST000225,John,Martinez,john.martinez217@outlook.com,50,pending,2025-04-15,+1-887-918-1891,IN
CUST000226,John,Martinez,john.martinez101@outlook.com,39,active,2025-12-26,+1-525-597-8383,FR
CUST000227,Robert,Jackson,robert@,63,inactive,2024-07-07,+1-673-556-6877,IN
CUST000228,Jennifer,Martin,jennifer.martin880@outlook.com,30,active,2026-04-09,+1-846-131-7637,DE
CUST000229,Karen,Rodriguez,karen.rodriguez484@company.com,43,pending,2025-08-16,+1-722-192-7500,US
CUST000230,Fatima,Martin,fatima.martin144@company.com,54,pending,2024-05-13,,AU
CUST000231,Arjun,Miller,arjun.miller398@outlook.com,20,active,2023-06-15,+1-480-954-5314,GB
CUST000232,Richard,Lopez,richard.lopez530@gmail.com,32,inactive,2023-09-03,+1-206-613-3276,DE
CUST000233,Priya,Rodriguez,priya.rodriguez162@yahoo.com,25,inactive,2023-09-04,+1-690-315-3641,SG
CUST000234,Mary,Jones,mary@,21,pending,2026-04-09,+1-945-777-5644,DE
CUST000235,Sarah,Thomas,sarah.thomas616@hotmail.com,67,inactive,2024-06-15,+1-810-704-2127,SG
CUST000236,James,Miller,james.miller701@company.com,24,pending,2023-05-25,+1-320-195-8901,US
CUST000237,Carlos,Wilson,,51,inactive,2024-03-28,+1-959-879-2600,FR
CUST000238,Linda,Williams,lindawilliams96,54,inactive,2024-08-09,+1-309-258-7980,FR
CUST000239,Karen,Wilson,karen.wilson283@company.com,31,inactive,2023-08-31,+1-514-691-6641,SG
CUST000240,Fatima,Brown,fatima.brown802@hotmail.com,31,pending,2026-01-31,+1-851-105-2492,IN
CUST000241,Jessica,Williams,jessica..williams@yahoo.com,57,pending,2025-05-24,+1-649-110-4304,FR
CUST000242,Sofia,Martin,sofiamartin31,28,inactive,2024-02-28,+1-405-630-1251,CA
CUST000243,Karen,Martinez,karen.martinez937@company.com,70,active,2024-02-10,+1-467-279-7670,CA
CUST000244,David,Brown,david.brown898@outlook.com,34,pending,2025-01-04,+1-994-569-8548,US
CUST000245,William,Williams,william.williams694@yahoo.com,44,active,2024-11-24,,GB
CUST000246,Susan,Miller,susan.miller188@outlook.com,30,pending,2024-11-20,+1-407-954-5091,AU
CUST000247,Patricia,Brown,,72,inactive,2024-08-10,+1-788-989-5501,FR
CUST000248,Carlos,Jackson,carlos.jackson819@company.com,20,pending,2023-10-24,+1-915-630-8537,US
CUST000249,Michael,Gonzalez,michael.gonzalez371@outlook.com,53,pending,2025-05-06,+1-415-529-7099,SG
CUST000250,Jennifer,Jackson,jennifer.jackson703@company.com,35,inactive,2025-07-15,+1-209-280-7906,AU
CUST000251,Barbara,Rodriguez,barbara.rodriguez49@company.com,21,pending,2024-07-01,+1-568-673-5222,SG
CUST000252,Fatima,Martin,fatima.martin666@company.com,67,pending,2023-11-14,+1-590-728-5694,GB
CUST000253,Priya,Hernandez,priya.hernandez586@company.com,23,inactive,2024-11-16,+1-604-377-8289,AU
CUST000254,Thomas,Anderson,,64,pending,2025-12-05,,IN
CUST000255,James,Gonzalez,james.gonzalez107@gmail.com,59,active,2024-10-13,+1-329-234-9630,US
CUST000256,Susan,Hernandez,susan.hernandez999@hotmail.com,53,pending,2023-10-25,+1-851-998-8126,FR
CUST000257,Sarah,Moore,sarah.moore453@gmail.com,138,inactive,2026-04-30,+1-703-873-8816,SG
CUST000258,Lisa,Davis,lisa.davis383@company.com,45,pending,2024-04-03,+1-281-532-4924,FR
CUST000259,Mei,Moore,mei.moore193@hotmail.com,36,inactive,2023-08-14,+1-219-255-1813,US
CUST000260,Patricia,Martinez,,23,inactive,2023-08-01,+1-674-813-1519,GB
CUST000261,Carlos,Gonzalez,carlos.gonzalez186@hotmail.com,70,pending,2023-11-22,+1-234-303-8550,CA
CUST000262,Michael,Thomas,michael.thomas959@outlook.com,20,active,2024-09-13,+1-253-984-4568,DE
CUST000263,David,Smith,david.smith599@outlook.com,18,pending,2025-07-04,+1-291-354-3583,AU
CUST000264,Carlos,Johnson,carlos.johnson719@yahoo.com,49,pending,2023-12-01,+1-221-805-7189,GB
CUST000265,Mary,Thomas,mary.thomas302@company.com,54,pending,2025-06-23,+1-358-560-5844,AU
CUST000266,Carlos,Taylor,,72,inactive,2024-03-15,+1-899-609-3525,AU
CUST000267,David,Brown,david.brown45@gmail.com,73,active,2024-03-13,,DE
CUST000268,John,Smith,john.smith672@yahoo.com,23,inactive,2024-01-17,+1-925-159-5355,CA
CUST000269,John,Miller,john.miller104@gmail.com,30,pending,2025-05-16,+1-771-525-2728,AU
CUST000270,Wei,Wilson,wei.wilson812@yahoo.com,39,pending,2024-05-26,+1-763-432-7090,SG
CUST000271,David,Martin,david.martin220@company.com,65,inactive,2026-05-17,+1-491-710-1267,FR
,Linda,Miller,linda.miller791@gmail.com,35,pending,2025-07-05,+1-671-464-3557,AU
CUST000273,Linda,Davis,linda.davis95@outlook.com,31,inactive,2025-11-03,,US
CUST000274,David,Lopez,david.lopez427@hotmail.com,67,pending,2024-03-25,+1-736-142-6231,GB
CUST000275,Wei,Davis,wei.davis995@hotmail.com,50,inactive,2024-06-28,+1-785-863-1807,FR
CUST000276,Thomas,Wilson,thomas.wilson781@yahoo.com,49,pending,2023-06-09,+1-273-372-8046,CA
CUST000277,Jessica,Wilson,jessica.wilson329@yahoo.com,67,pending,2023-11-24,+1-651-145-4825,AU
CUST000278,Mei,Williams,mei.williams249@gmail.com,73,inactive,2025-10-02,+1-682-123-6437,DE
CUST000279,Thomas,Rodriguez,thomas.rodriguez748@company.com,-1,pending,2024-12-10,,US
CUST000280,Arjun,Rodriguez,arjun.rodriguez886@outlook.com,74,inactive,2025-10-26,+1-696-987-9709,DE
CUST000281,Joseph,Moore,joseph.moore41@gmail.com,39,active,2024-05-27,+1-509-341-9212,US
CUST000282,Richard,Smith,richard.smith231@outlook.com,60,pending,2025-02-06,+1-786-256-7987,AU
CUST000283,Robert,Miller,robert.miller555@company.com,26,pending,2023-12-19,+1-988-248-3589,CA
CUST000284,Ahmed,Jones,ahmed.jones902@outlook.com,37,pending,2024-11-03,+1-392-209-3155,FR
CUST000285,Lisa,Davis,,23,pending,2023-09-30,+1-582-288-7348,GB
CUST000286,Linda,Johnson,linda.johnson948@gmail.com,65,active,2023-11-30,+1-701-804-6323,DE
CUST000287,Carlos,Johnson,carlos.johnson738@hotmail.com,65,pending,2026-02-28,+1-662-567-1694,DE
CUST000288,Richard,Johnson,richard.johnson784@company.com,36,inactive,2024-01-03,+1-255-806-9470,IN
CUST000289,Joseph,Williams,joseph.williams185@gmail.com,62,inactive,2025-05-16,+1-929-306-8449,AU
CUST000290,Wei,Garcia,wei.garcia94@gmail.com,41,pending,2023-07-05,,GB
CUST000291,Charles,Jones,charles.jones184@yahoo.com,37,inactive,2025-05-12,+1-334-307-1057,FR
CUST000292,Sarah,Thomas,sarah.thomas623@gmail.com,55,inactive,2026-05-04,,GB
CUST000293,Susan,Johnson,susan.johnson684@gmail.com,39,inactive,2025-06-21,+1-825-776-3906,AU
CUST000294,John,Martinez,john.martinez840@hotmail.com,53,active,2024-11-01,+1-623-637-4438,US
CUST000295,Mei,Taylor,mei.taylor742@hotmail.com,63,inactive,2024-05-23,+1-829-676-9132,IN
CUST000296,Jennifer,Martin,,19,pending,2024-01-19,,DE
CUST000297,William,Williams,@company.com,39,active,2025-04-15,+1-546-788-8849,US
CUST000298,Sarah,Jones,sarah.jones918@company.com,44,pending,2024-08-09,+1-219-313-6434,AU
CUST000299,Robert,Rodriguez,robert.rodriguez385@outlook.com,54,active,2024-08-24,+1-522-826-1518,CA
CUST000300,Linda,Lopez,linda.lopez222@outlook.com,41,active,2026-03-27,+1-712-257-4116,IN
CUST000301,Thomas,Martinez,thomas.martinez788@yahoo.com,51,pending,2024-03-15,+1-734-218-1067,US
CUST000302,Lisa,Williams,lisa.williams106@gmail.com,37,pending,2024-07-29,+1-493-383-9720,IN
CUST000303,William,Jones,william.jones16@gmail.com,24,inactive,2024-10-14,+1-375-172-6101,AU
CUST000304,,Jones,user.jones109@gmail.com,43,pending,2023-11-16,+1-519-440-4246,CA
CUST000305,Carlos,Anderson,carlos.anderson833@gmail.com,24,pending,2023-09-27,+1-429-247-5227,SG
CUST000306,Arjun,Hernandez,arjun.hernandez465@outlook.com,25,active,2024-06-03,+1-330-620-2686,CA
CUST000307,Priya,Williams,priya.williams473@company.com,57,inactive,2024-06-19,+1-910-705-8063,SG
CUST000308,David,Moore,david.moore679@yahoo.com,63,pending,2024-07-20,+1-655-280-6046,CA
CUST000309,Arjun,Martin,arjun.martin336@hotmail.com,23,pending,2026-05-17,+1-876-252-8421,SG
CUST000310,Joseph,Miller,joseph.miller307@outlook.com,37,pending,2024-06-11,+1-796-108-9362,GB
CUST000311,Mary,Lopez,mary.lopez1@gmail.com,40,active,2024-03-01,+1-928-491-7652,DE
CUST000312,Sarah,Jones,sarah.jones864@hotmail.com,27,active,2025-12-22,+1-347-838-8974,GB
CUST000313,Priya,Wilson,priya.wilson953@company.com,50,inactive,2025-05-02,+1-207-691-9161,DE
CUST000314,William,Wilson,,20,active,2025-12-05,+1-948-639-5578,CA
CUST000315,Lisa,Williams,lisa.williams701@gmail.com,37,pending,2023-09-30,+1-680-687-6431,FR
CUST000316,Mary,Martin,mary.martin267@company.com,28,inactive,2026-03-23,,FR
CUST000317,Lisa,Rodriguez,lisa.rodriguez15@outlook.com,55,inactive,2024-11-28,+1-441-596-3962,US
CUST000318,John,Jones,john.jones858@yahoo.com,67,pending,2025-03-12,+1-553-155-5331,CA
CUST000319,Joseph,Gonzalez,joseph.gonzalez765@hotmail.com,32,inactive,2023-05-27,+1-212-395-8353,AU
CUST000320,Arjun,Johnson,arjun.johnson653@company.com,57,inactive,2025-10-28,+1-798-500-8554,DE
CUST000321,Charles,Miller,charles.miller321@yahoo.com,71,pending,2023-11-16,+1-942-390-5127,US
CUST000322,Mary,Martin,mary.martin974@yahoo.com,25,inactive,2025-05-04,+1-912-288-5150,CA
CUST000323,William,Wilson,william.wilson264@outlook.com,67,active,2024-11-21,+1-271-603-4287,GB
CUST000324,Patricia,Jones,patricia.jones224@hotmail.com,46,active,2024-12-20,+1-219-609-3438,US
CUST000325,Arjun,Gonzalez,arjun..gonzalez@outlook.com,48,active,2026-05-11,+1-905-937-8898,AU
CUST000326,Barbara,Gonzalez,barbara.gonzalez375@gmail.com,23,inactive,2025-05-21,+1-593-776-4129,SG
CUST000327,Priya,Lopez,priya@,49,pending,2023-05-20,+1-660-116-1606,AU
CUST000328,Mary,Gonzalez,mary.gonzalez470@company.com,52,active,2025-08-01,+1-219-582-1750,GB
CUST000329,Priya,Johnson,priya.johnson468@gmail.com,22,inactive,2025-02-20,+1-407-536-6527,SG
CUST000330,Arjun,Jackson,arjun.jackson857@outlook.com,20,active,2024-01-18,+1-578-666-3703,US
CUST000331,Sofia,Martin,sofia.martin17@yahoo.com,18,pending,2024-10-13,+1-991-587-3079,FR
CUST000332,Jessica,Davis,,29,active,2024-09-08,+1-204-671-4860,CA
CUST000333,Fatima,Moore,fatima.moore789@hotmail.com,21,pending,2023-09-19,,AU
CUST000334,Jessica,Rodriguez,jessica.rodriguez45@hotmail.com,52,inactive,2025-12-23,+1-938-555-6340,AU
CUST000335,Patricia,Hernandez,patricia.hernandez756@yahoo.com,75,inactive,2023-12-07,+1-824-565-3917,GB
CUST000336,Michael,Lopez,michael.lopez344@yahoo.com,21,inactive,2025-06-01,+1-425-402-3568,GB
CUST000337,Karen,Davis,karen.davis501@company.com,48,pending,2024-12-28,+1-644-693-4643,GB
CUST000338,James,Wilson,james.wilson482@gmail.com,45,pending,2023-11-03,+1-285-671-1203,SG
CUST000339,Robert,Lopez,robert.lopez17@gmail.com,63,pending,2023-10-29,+1-341-995-7641,AU
CUST000340,Wei,Smith,wei.smith395@gmail.com,20,pending,2025-03-19,+1-282-735-6500,US
CUST000341,Arjun,Lopez,arjun.lopez393@gmail.com,41,pending,2025-03-24,+1-542-344-9841,IN
CUST000342,Carlos,Jackson,carlos.jackson772@yahoo.com,40,inactive,2026-01-08,+1-663-597-9215,CA
CUST000343,Karen,Moore,karen.moore636@hotmail.com,62,active,2023-10-23,+1-600-283-5724,CA
CUST000344,William,Brown,william.brown155@hotmail.com,58,pending,2025-08-20,+1-630-554-1351,CA
CUST000345,Sofia,Davis,sofia.davis661@company.com,59,pending,2023-05-28,+1-655-568-5982,FR
CUST000346,William,Davis,william.davis789@outlook.com,36,active,2024-10-10,+1-379-959-3514,CA
CUST000347,David,Jackson,david.jackson379@outlook.com,20,active,2025-06-19,+1-324-125-7628,GB
CUST000348,,Jones,user.jones520@company.com,48,pending,2023-11-24,+1-315-849-8847,GB
CUST000349,,Martinez,user.martinez862@company.com,38,pending,2024-10-25,+1-285-651-8298,CA
CUST000350,Richard,Miller,richard.miller620@company.com,60,inactive,2024-04-14,+1-553-459-6047,CA
CUST000351,Joseph,Wilson,joseph.wilson168@outlook.com,45,pending,2025-07-27,+1-686-988-9606,CA
CUST000352,Charles,Gonzalez,charles.gonzalez655@hotmail.com,53,active,2024-03-27,+1-702-143-5947,FR
CUST000353,Mei,Anderson,mei.anderson158@gmail.com,71,pending,2024-01-14,,FR
CUST000354,John,Martin,john.martin493@company.com,58,active,2026-04-12,+1-366-695-1958,IN
CUST000355,Robert,Lopez,robert.lopez370@outlook.com,40,pending,2023-06-30,+1-843-287-2548,GB
CUST000356,Fatima,Hernandez,fatima.hernandez278@outlook.com,24,SUSPENDED,2024-04-14,+1-621-448-3671,GB
CUST000357,Ahmed,Miller,ahmed.miller629@company.com,72,active,2025-12-12,+1-334-117-8856,AU
CUST000358,Joseph,Martin,joseph@,26,active,2025-03-14,,IN
CUST000359,Mary,Miller,mary.miller608@company.com,34,active,2025-09-06,+1-410-701-4277,AU
CUST000360,Robert,Rodriguez,robert.rodriguez361@outlook.com,64,active,2026-04-19,+1-932-296-5617,US
CUST000361,Patricia,Miller,patricia.miller376@hotmail.com,61,inactive,2023-12-31,+1-433-517-2848,AU
CUST000362,Patricia,Taylor,patricia.taylor722@outlook.com,23,inactive,2024-08-17,+1-654-331-7672,SG
CUST000363,John,Thomas,,61,inactive,2025-11-24,+1-604-510-2666,GB
CUST000364,Michael,Hernandez,michael.hernandez126@hotmail.com,49,pending,2024-02-18,+1-882-717-7626,FR
CUST000365,Joseph,Brown,joseph.brown510@hotmail.com,19,active,2026-03-24,+1-591-719-6356,CA
CUST000366,Arjun,Taylor,arjun.taylor207@hotmail.com,50,pending,2026-03-14,+1-321-492-8374,SG
CUST000367,Mary,Johnson,mary.johnson906@outlook.com,26,active,2023-08-17,+1-901-652-8697,GB
CUST000368,Richard,Rodriguez,richard.rodriguez632@hotmail.com,36,active,2024-04-27,+1-959-697-1440,AU
CUST000369,Jessica,Lopez,jessica.lopez360@hotmail.com,33,pending,2024-08-31,+1-373-120-9821,IN
CUST000370,Jessica,Jackson,,48,inactive,2024-07-26,+1-700-202-4373,AU
CUST000371,Barbara,Lopez,barbara.lopez509@yahoo.com,22,inactive,2024-09-16,+1-611-923-4700,CA
CUST000372,Charles,Brown,charles.brown69@outlook.com,45,pending,2023-07-19,+1-643-779-9846,SG
CUST000373,Lisa,Taylor,lisa.taylor185@company.com,51,active,2023-10-03,+1-853-645-8106,US
CUST000374,Susan,Anderson,susan.anderson765@yahoo.com,45,active,2024-01-24,+1-493-761-3631,DE
CUST000375,Patricia,Jones,patricia.jones817@yahoo.com,53,active,2024-11-05,+1-464-908-5551,GB
CUST000376,Mary,Thomas,mary.thomas881@gmail.com,37,inactive,2025-11-14,+1-941-962-3302,CA
CUST000377,Ahmed,Jackson,ahmed.jackson258@company.com,56,inactive,2024-03-10,+1-961-341-7928,CA
CUST000378,William,Anderson,william.anderson58@company.com,25,pending,2024-10-26,+1-348-471-8786,FR
CUST000379,Lisa,Johnson,lisa.johnson708@gmail.com,34,pending,2025-09-10,+1-442-978-8248,SG
CUST000380,William,Martinez,william.martinez305@yahoo.com,46,pending,2026-03-09,+1-282-942-9055,SG
CUST000381,David,Wilson,david.wilson845@gmail.com,22,pending,2023-11-01,+1-980-153-4010,GB
,Michael,Martinez,michael.martinez114@gmail.com,67,pending,2024-08-01,+1-952-236-5270,AU
CUST000383,Michael,Williams,michael.williams403@yahoo.com,74,active,2025-02-03,+1-673-303-5289,GB
CUST000384,Lisa,Wilson,lisa.wilson92@yahoo.com,54,inactive,2023-10-31,+1-706-221-4677,DE
CUST000385,Ahmed,Rodriguez,ahmed.rodriguez392@hotmail.com,56,pending,2024-01-12,+1-349-129-5754,DE
CUST000386,Linda,Lopez,,26,inactive,2024-03-23,,US
CUST000387,Linda,Thomas,linda.thomas962@company.com,63,inactive,2024-03-28,+1-604-787-7076,US
CUST000388,William,Garcia,william.garcia899@outlook.com,63,active,2025-08-29,+1-487-865-6907,FR
CUST000389,William,Martin,william.martin530@outlook.com,38,active,2023-11-28,+1-352-155-4766,IN
CUST000390,Wei,Anderson,wei.anderson42@hotmail.com,53,pending,2025-09-06,+1-408-989-5654,GB
CUST000391,Ahmed,Rodriguez,ahmed.rodriguez218@company.com,51,active,2023-08-01,+1-536-126-5657,CA
CUST000392,Charles,Brown,charles.brown30@yahoo.com,60,inactive,2026-05-06,+1-244-771-8423,GB
CUST000393,Mary,Martinez,mary.martinez762@gmail.com,42,active,2024-02-21,+1-413-266-7365,FR
CUST000394,Priya,Jones,priya.jones821@hotmail.com,37,inactive,2024-04-25,+1-701-556-7358,SG
CUST000395,Jessica,Lopez,jessica.lopez646@hotmail.com,39,pending,2025-07-04,+1-739-744-9596,IN
CUST000396,Sofia,Thomas,sofia.thomas701@yahoo.com,51,pending,2026-02-14,+1-722-535-7766,FR
CUST000397,Charles,Williams,charles.williams117@gmail.com,68,active,2024-09-15,+1-941-565-8371,FR
CUST000398,Fatima,Garcia,fatima.garcia765@gmail.com,61,active,2026-04-20,+1-688-571-7637,IN
CUST000399,Ahmed,Martin,ahmed.martin824@hotmail.com,18,pending,2026-03-24,+1-864-248-4961,DE
CUST000400,Carlos,Anderson,carlos.anderson23@hotmail.com,65,unknown,2025-01-06,,US
CUST000401,Fatima,Wilson,fatima.wilson755@hotmail.com,36,pending,2023-08-22,+1-262-640-1311,AU
CUST000402,William,Wilson,william.wilson507@gmail.com,46,inactive,2023-09-29,+1-437-619-4599,AU
CUST000403,Fatima,Anderson,fatima.anderson741@outlook.com,71,inactive,2025-06-20,+1-489-807-2412,GB
CUST000404,Jennifer,Martin,jennifer.martin966@hotmail.com,31,inactive,2024-05-16,,CA
CUST000405,Patricia,Martin,patricia.martin230@company.com,68,pending,2025-07-12,+1-727-718-2706,IN
CUST000406,Ahmed,Brown,ahmed.brown625@company.com,70,active,2025-03-23,+1-360-845-5786,IN
CUST000407,Patricia,Jones,patricia.jones839@outlook.com,46,active,2023-09-20,+1-717-275-2396,SG
CUST000408,Arjun,Davis,arjun.davis432@company.com,45,inactive,2023-06-25,+1-570-130-8251,US
CUST000409,Thomas,Williams,thomas.williams412@outlook.com,21,pending,2026-01-19,+1-930-918-9516,SG
CUST000410,Arjun,Moore,arjun.moore932@outlook.com,75,pending,2025-03-23,+1-839-907-8244,SG
CUST000411,Barbara,Williams,barbara.williams400@outlook.com,26,active,2024-08-16,,FR
CUST000412,Carlos,Martinez,carlos.martinez114@company.com,34,active,2025-09-04,+1-786-854-1085,DE
CUST000413,Charles,Jackson,charles.jackson865@company.com,36,pending,2024-04-04,+1-453-207-6371,DE
CUST000414,Susan,Anderson,susan.anderson849@hotmail.com,45,inactive,2023-06-05,+1-772-631-7468,IN
CUST000415,Joseph,Thomas,joseph.thomas844@hotmail.com,49,pending,2023-05-30,,GB
CUST000416,Susan,Brown,susan.brown113@hotmail.com,20,inactive,2024-09-03,+1-228-910-3340,SG
CUST000417,Barbara,Martinez,barbara.martinez3@hotmail.com,73,inactive,2024-06-25,+1-686-954-3175,IN
CUST000418,Arjun,Anderson,arjun.anderson92@outlook.com,44,inactive,2023-11-22,+1-861-190-3713,FR
CUST000419,Patricia,Moore,patricia.moore555@company.com,54,pending,2025-09-13,+1-744-284-1310,DE
CUST000420,Wei,Jackson,wei.jackson622@company.com,49,inactive,2026-03-29,+1-524-491-5213,CA
CUST000421,Barbara,Jones,barbara.jones158@gmail.com,28,active,2026-01-18,+1-301-427-3334,AU
CUST000422,Ahmed,Brown,ahmed.brown771@yahoo.com,50,active,2024-08-04,,DE
CUST000423,James,Rodriguez,james.rodriguez692@company.com,59,inactive,2023-07-28,+1-345-482-9854,DE
CUST000424,Jessica,Moore,jessica.moore833@gmail.com,36,active,2023-09-03,+1-456-959-7228,DE
CUST000425,Thomas,Martinez,thomas.martinez577@company.com,62,pending,2023-12-15,+1-716-921-6215,AU
CUST000426,Carlos,Anderson,carlos.anderson350@outlook.com,-8,pending,2026-05-19,+1-888-277-7769,IN
CUST000427,Karen,Williams,,71,active,2024-04-07,+1-566-496-3903,US
CUST000428,Susan,Miller,,35,active,2024-09-04,+1-426-339-9090,US
CUST000429,Wei,Martin,wei.martin841@yahoo.com,35,pending,2025-05-23,+1-331-863-2065,DE
CUST000430,Mei,Rodriguez,mei.rodriguez994@gmail.com,34,active,2026-01-31,+1-530-542-7666,IN
CUST000431,Thomas,Johnson,thomas.johnson49@yahoo.com,46,inactive,2026-03-27,+1-431-806-7943,DE
CUST000432,David,Martinez,david.martinez29@gmail.com,55,inactive,2023-09-21,+1-548-952-1891,DE
CUST000433,Carlos,Martin,carlos.martin641@gmail.com,21,pending,2025-08-29,+1-652-156-5939,SG
CUST000434,Arjun,Johnson,arjun.johnson871@outlook.com,66,pending,2023-11-01,+1-638-735-2659,US
CUST000435,David,Jackson,david.jackson13@gmail.com,68,active,2024-12-09,+1-692-842-8284,GB
CUST000436,Mary,Jones,mary.jones526@hotmail.com,37,active,2024-08-23,+1-498-477-1132,GB
CUST000437,Thomas,Moore,thomas.moore353@hotmail.com,30,pending,2023-10-03,+1-539-972-6499,SG
CUST000438,Patricia,Anderson,patricia@,47,pending,2024-07-08,+1-584-310-7558,US
CUST000439,John,Lopez,john.lopez146@gmail.com,55,active,2024-10-13,+1-468-836-3855,DE
CUST000440,James,Garcia,james.garcia22@gmail.com,59,active,2025-01-11,+1-581-776-3807,SG
CUST000441,John,Brown,john.brown814@yahoo.com,62,pending,2026-02-12,+1-801-293-9773,GB
CUST000442,Mary,Rodriguez,mary.rodriguez992@company.com,64,pending,2025-06-09,+1-969-760-9342,IN
CUST000443,Wei,Lopez,wei.lopez733@hotmail.com,55,pending,2025-03-19,+1-407-562-4840,FR
CUST000444,Richard,Jackson,richard.jackson261@outlook.com,23,active,2023-10-08,+1-544-536-8391,SG
CUST000445,Sarah,Hernandez,sarah.hernandez184@gmail.com,22,pending,2025-12-08,,US
CUST000446,David,Miller,david.miller310@outlook.com,72,active,2026-05-28,+1-488-942-6679,SG
CUST000447,Ahmed,Jackson,ahmed.jackson484@gmail.com,27,pending,2023-09-19,+1-801-904-8679,IN
CUST000448,John,Hernandez,john.hernandez789@hotmail.com,46,inactive,2025-08-28,+1-955-109-9188,AU
CUST000449,Jessica,Wilson,jessica.wilson782@hotmail.com,38,active,2025-07-07,+1-538-681-7404,DE
CUST000450,John,Moore,john.moore112@hotmail.com,58,active,2025-05-19,,DE
CUST000451,Richard,Martinez,richard.martinez676@outlook.com,41,inactive,2025-10-03,+1-628-589-2126,DE
CUST000452,Michael,Martinez,michael.martinez163@hotmail.com,55,inactive,2026-05-02,+1-656-165-7541,DE
CUST000453,Charles,Thomas,charles.thomas41@company.com,74,pending,2024-03-08,+1-379-525-5081,SG
CUST000454,Arjun,Garcia,arjun.garcia403@gmail.com,74,pending,2026-01-01,+1-939-322-9085,CA
CUST000455,John,Brown,john.brown420@outlook.com,50,pending,2023-10-15,+1-963-508-4185,US
CUST000456,Wei,Jones,wei.jones497@hotmail.com,60,active,2024-10-23,+1-374-958-1295,GB
CUST000457,Karen,Gonzalez,karen.gonzalez694@gmail.com,29,pending,2023-11-24,+1-850-930-9566,CA
CUST000458,Barbara,Anderson,barbara.anderson50@gmail.com,33,ACTIVE,2026-04-18,+1-396-796-2035,CA
CUST000459,Ahmed,Garcia,ahmed.garcia426@gmail.com,38,active,2024-02-28,+1-323-337-4502,AU
CUST000460,,Hernandez,user.hernandez470@yahoo.com,35,active,2024-01-27,+1-813-611-2668,GB
CUST000461,Patricia,Martin,patricia.martin695@hotmail.com,26,pending,2023-09-03,+1-218-723-8354,DE
CUST000462,Wei,Smith,wei.smith778@company.com,65,active,2024-04-10,+1-406-255-7156,US
CUST000463,Mei,Martin,mei.martin757@hotmail.com,38,pending,2024-01-19,+1-495-868-1388,AU
CUST000464,Michael,Moore,michael.moore821@yahoo.com,56,active,2026-05-05,,GB
CUST000465,Robert,Williams,robert.williams852@company.com,50,inactive,2025-04-08,+1-380-720-5079,IN
CUST000466,Michael,Rodriguez,michael.rodriguez82@hotmail.com,42,pending,2023-12-12,+1-693-120-7249,CA
CUST000467,Barbara,Martin,barbara.martin745@company.com,37,pending,2024-07-04,+1-680-300-3535,US
CUST000468,Thomas,Lopez,thomas.lopez963@hotmail.com,42,pending,2026-02-27,+1-327-494-3660,SG
CUST000469,Carlos,Lopez,carlos.lopez651@hotmail.com,59,active,2026-03-08,+1-570-746-1462,GB
CUST000470,Joseph,Jones,joseph.jones593@company.com,18,pending,2024-02-23,+1-282-630-4093,GB
CUST000471,William,Martinez,william.martinez675@company.com,64,pending,2025-10-06,+1-995-916-6642,FR
CUST000472,Mei,Gonzalez,mei..gonzalez@gmail.com,51,inactive,2024-04-10,+1-337-302-8970,CA
CUST000473,Ahmed,Miller,ahmed.miller768@gmail.com,34,inactive,2025-10-06,+1-370-181-5802,CA
CUST000474,David,Smith,david.smith497@hotmail.com,21,pending,2026-02-21,+1-734-910-1118,FR
CUST000475,Sarah,Hernandez,sarah.hernandez380@outlook.com,38,pending,2026-01-20,,SG
CUST000476,Robert,Smith,robert.smith287@company.com,33,pending,2023-06-28,,AU
CUST000477,Sofia,Hernandez,sofia.hernandez622@yahoo.com,68,inactive,2025-10-24,+1-500-721-4196,US
CUST000478,Sofia,Williams,sofia.williams896@company.com,25,active,2025-11-15,+1-932-129-3625,AU
CUST000479,Carlos,Rodriguez,carlos.rodriguez682@outlook.com,25,pending,2025-11-13,+1-540-992-4666,CA
CUST000480,Richard,Gonzalez,richard.gonzalez990@company.com,32,active,2025-04-27,+1-318-686-7025,AU
CUST000481,Charles,Smith,charles.smith549@company.com,45,pending,2025-09-01,+1-816-704-4639,US
CUST000482,Joseph,Hernandez,joseph.hernandez858@outlook.com,27,pending,2026-03-08,+1-516-614-3022,IN
CUST000483,Michael,Thomas,michael.thomas61@hotmail.com,70,active,2026-01-30,+1-994-283-8987,FR
CUST000484,Arjun,Garcia,arjun.garcia402@company.com,40,pending,2024-10-16,+1-399-817-9978,GB
CUST000485,Sofia,Jackson,sofia.jackson871@gmail.com,59,pending,2025-07-25,+1-966-300-1149,CA
CUST000041,Fatima,Jones,fatima.jones696@hotmail.com,24,active,2023-06-27,+1-807-544-3434,SG
CUST000008,Patricia,Davis,patricia.davis705@outlook.com,65,pending,2023-10-11,+1-865-491-5509,IN
CUST000002,Patricia,Brown,patricia.brown657@hotmail.com,19,inactive,2025-11-05,+1-385-493-8932,SG
CUST000048,Robert,Brown,robert.brown190@company.com,43,pending,2023-06-20,+1-751-830-3033,DE
CUST000018,Patricia,Garcia,patricia.garcia6@yahoo.com,25,pending,2024-12-08,+1-235-186-3043,AU
CUST000016,Jennifer,Wilson,jennifer.wilson255@gmail.com,51,pending,2023-08-17,+1-735-460-9818,CA
CUST000015,Mary,Davis,mary.davis307@yahoo.com,26,inactive,2024-01-04,+1-461-366-7255,GB
CUST000009,John,Rodriguez,john.rodriguez549@yahoo.com,35,active,2023-07-05,+1-629-941-3514,SG
CUST000048,Lisa,Davis,lisa.davis545@gmail.com,22,inactive,2025-07-22,+1-431-380-1161,DE
CUST000007,Patricia,Brown,patricia.brown603@outlook.com,51,inactive,2025-10-27,+1-374-425-7382,SG
CUST000044,,Rodriguez,user.rodriguez731@company.com,42,pending,2024-04-19,+1-455-794-7852,GB
CUST000048,Susan,Anderson,susan.anderson976@outlook.com,74,pending,2024-08-30,+1-520-965-2476,CA
CUST000035,John,Garcia,john.garcia762@gmail.com,69,inactive,2025-08-11,+1-727-801-9722,SG
CUST000006,Michael,Smith,michael.smith768@company.com,60,pending,2026-02-20,+1-372-790-9577,GB
CUST000038,Ahmed,Jones,ahmed.jones433@gmail.com,25,pending,2025-09-18,+1-694-400-5337,SG
